REGION	POS	REF	ALT	REF_DP	REF_RV	REF_QUAL	ALT_DP	ALT_RV	ALT_QUAL	ALT_FREQ	TOTAL_DP	PVAL	PASS	GFF_FEATURE	REF_CODON	REF_AA	ALT_CODON	ALT_AA
region1	366	C	T	202	53	54	233	65	57	0.535632	435	1.5367e-117	TRUE	NA	NA	NA	NA	NA
region1	403	T	A	320	99	54	376	104	58	0.54023	696	7.76958e-186	TRUE	NA	NA	NA	NA	NA
region2	441	G	T	630	142	61	238	71	61	0.274194	868	1.89053e-115	TRUE	NA	NA	NA	NA	NA
region2	431	G	+TTG	630	142	61	238	71	61	0.274194	868	1.89053e-115	TRUE	NA	NA	NA	NA	NA
region2	441	G	W	630	142	61	238	71	61	0.274194	868	1.89053e-115	TRUE	NA	NA	NA	NA	NA
region3	441	G	R	630	142	61	238	71	61	0.274194	868	1.89053e-115	TRUE	NA	NA	NA	NA	NA
region3	441	G	D	630	142	61	238	71	61	0.274194	868	1.89053e-115	TRUE	NA	NA	NA	NA	NA
region3	441	G	R	630	142	61	238	71	61	0.274194	868	1.89053e-115	TRUE	NA	NA	NA	NA	NA
region3	441	G	N	630	142	61	238	71	61	0.274194	868	1.89053e-115	TRUE	NA	NA	NA	NA	NA
region3	441	G	N	630	142	61	238	71	61	0.274194	868	1.89053e-115	TRUE	NA	NA	NA	NA	NA
